Vehicle Number,Purchase Price,Maintenance Costs,Doors,Persons,Luggae Boot,Safety,Rating
1,4,4,2,2,1,1,1
2,4,4,2,2,1,2,1
3,4,4,2,2,1,3,1
4,4,4,2,2,2,1,1
5,4,4,2,2,2,2,1
6,4,4,2,2,2,3,1
7,4,4,2,2,3,1,1
8,4,4,2,2,3,2,1
9,4,4,2,2,3,3,1
10,4,4,2,4,1,1,1
11,4,4,2,4,1,2,1
12,4,4,2,4,1,3,1
13,4,4,2,4,2,1,1
14,4,4,2,4,2,2,1
15,4,4,2,4,2,3,1
16,4,4,2,4,3,1,1
17,4,4,2,4,3,2,1
18,4,4,2,4,3,3,1
19,4,4,2,5,1,1,1
20,4,4,2,5,1,2,1
21,4,4,2,5,1,3,1
22,4,4,2,5,2,1,1
23,4,4,2,5,2,2,1
24,4,4,2,5,2,3,1
25,4,4,2,5,3,1,1
26,4,4,2,5,3,2,1
27,4,4,2,5,3,3,1
28,4,4,3,2,1,1,1
29,4,4,3,2,1,2,1
30,4,4,3,2,1,3,1
31,4,4,3,2,2,1,1
32,4,4,3,2,2,2,1
33,4,4,3,2,2,3,1
34,4,4,3,2,3,1,1
35,4,4,3,2,3,2,1
36,4,4,3,2,3,3,1
37,4,4,3,4,1,1,1
38,4,4,3,4,1,2,1
39,4,4,3,4,1,3,1
40,4,4,3,4,2,1,1
41,4,4,3,4,2,2,1
42,4,4,3,4,2,3,1
43,4,4,3,4,3,1,1
44,4,4,3,4,3,2,1
45,4,4,3,4,3,3,1
46,4,4,3,5,1,1,1
47,4,4,3,5,1,2,1
48,4,4,3,5,1,3,1
49,4,4,3,5,2,1,1
50,4,4,3,5,2,2,1
51,4,4,3,5,2,3,1
52,4,4,3,5,3,1,1
53,4,4,3,5,3,2,1
54,4,4,3,5,3,3,1
55,4,4,4,2,1,1,1
56,4,4,4,2,1,2,1
57,4,4,4,2,1,3,1
58,4,4,4,2,2,1,1
59,4,4,4,2,2,2,1
60,4,4,4,2,2,3,1
61,4,4,4,2,3,1,1
62,4,4,4,2,3,2,1
63,4,4,4,2,3,3,1
64,4,4,4,4,1,1,1
65,4,4,4,4,1,2,1
66,4,4,4,4,1,3,1
67,4,4,4,4,2,1,1
68,4,4,4,4,2,2,1
69,4,4,4,4,2,3,1
70,4,4,4,4,3,1,1
71,4,4,4,4,3,2,1
72,4,4,4,4,3,3,1
73,4,4,4,5,1,1,1
74,4,4,4,5,1,2,1
75,4,4,4,5,1,3,1
76,4,4,4,5,2,1,1
77,4,4,4,5,2,2,1
78,4,4,4,5,2,3,1
79,4,4,4,5,3,1,1
80,4,4,4,5,3,2,1
81,4,4,4,5,3,3,1
82,4,4,5,2,1,1,1
83,4,4,5,2,1,2,1
84,4,4,5,2,1,3,1
85,4,4,5,2,2,1,1
86,4,4,5,2,2,2,1
87,4,4,5,2,2,3,1
88,4,4,5,2,3,1,1
89,4,4,5,2,3,2,1
90,4,4,5,2,3,3,1
91,4,4,5,4,1,1,1
92,4,4,5,4,1,2,1
93,4,4,5,4,1,3,1
94,4,4,5,4,2,1,1
95,4,4,5,4,2,2,1
96,4,4,5,4,2,3,1
97,4,4,5,4,3,1,1
98,4,4,5,4,3,2,1
99,4,4,5,4,3,3,1
100,4,4,5,5,1,1,1
101,4,4,5,5,1,2,1
102,4,4,5,5,1,3,1
103,4,4,5,5,2,1,1
104,4,4,5,5,2,2,1
105,4,4,5,5,2,3,1
106,4,4,5,5,3,1,1
107,4,4,5,5,3,2,1
108,4,4,5,5,3,3,1
109,4,3,2,2,1,1,1
110,4,3,2,2,1,2,1
111,4,3,2,2,1,3,1
112,4,3,2,2,2,1,1
113,4,3,2,2,2,2,1
114,4,3,2,2,2,3,1
115,4,3,2,2,3,1,1
116,4,3,2,2,3,2,1
117,4,3,2,2,3,3,1
118,4,3,2,4,1,1,1
119,4,3,2,4,1,2,1
120,4,3,2,4,1,3,1
121,4,3,2,4,2,1,1
122,4,3,2,4,2,2,1
123,4,3,2,4,2,3,1
124,4,3,2,4,3,1,1
125,4,3,2,4,3,2,1
126,4,3,2,4,3,3,1
127,4,3,2,5,1,1,1
128,4,3,2,5,1,2,1
129,4,3,2,5,1,3,1
130,4,3,2,5,2,1,1
131,4,3,2,5,2,2,1
132,4,3,2,5,2,3,1
133,4,3,2,5,3,1,1
134,4,3,2,5,3,2,1
135,4,3,2,5,3,3,1
136,4,3,3,2,1,1,1
137,4,3,3,2,1,2,1
138,4,3,3,2,1,3,1
139,4,3,3,2,2,1,1
140,4,3,3,2,2,2,1
141,4,3,3,2,2,3,1
142,4,3,3,2,3,1,1
143,4,3,3,2,3,2,1
144,4,3,3,2,3,3,1
145,4,3,3,4,1,1,1
146,4,3,3,4,1,2,1
147,4,3,3,4,1,3,1
148,4,3,3,4,2,1,1
149,4,3,3,4,2,2,1
150,4,3,3,4,2,3,1
151,4,3,3,4,3,1,1
152,4,3,3,4,3,2,1
153,4,3,3,4,3,3,1
154,4,3,3,5,1,1,1
155,4,3,3,5,1,2,1
156,4,3,3,5,1,3,1
157,4,3,3,5,2,1,1
158,4,3,3,5,2,2,1
159,4,3,3,5,2,3,1
160,4,3,3,5,3,1,1
161,4,3,3,5,3,2,1
162,4,3,3,5,3,3,1
163,4,3,4,2,1,1,1
164,4,3,4,2,1,2,1
165,4,3,4,2,1,3,1
166,4,3,4,2,2,1,1
167,4,3,4,2,2,2,1
168,4,3,4,2,2,3,1
169,4,3,4,2,3,1,1
170,4,3,4,2,3,2,1
171,4,3,4,2,3,3,1
172,4,3,4,4,1,1,1
173,4,3,4,4,1,2,1
174,4,3,4,4,1,3,1
175,4,3,4,4,2,1,1
176,4,3,4,4,2,2,1
177,4,3,4,4,2,3,1
178,4,3,4,4,3,1,1
179,4,3,4,4,3,2,1
180,4,3,4,4,3,3,1
181,4,3,4,5,1,1,1
182,4,3,4,5,1,2,1
183,4,3,4,5,1,3,1
184,4,3,4,5,2,1,1
185,4,3,4,5,2,2,1
186,4,3,4,5,2,3,1
187,4,3,4,5,3,1,1
188,4,3,4,5,3,2,1
189,4,3,4,5,3,3,1
190,4,3,5,2,1,1,1
191,4,3,5,2,1,2,1
192,4,3,5,2,1,3,1
193,4,3,5,2,2,1,1
194,4,3,5,2,2,2,1
195,4,3,5,2,2,3,1
196,4,3,5,2,3,1,1
197,4,3,5,2,3,2,1
198,4,3,5,2,3,3,1
199,4,3,5,4,1,1,1
200,4,3,5,4,1,2,1
201,4,3,5,4,1,3,1
202,4,3,5,4,2,1,1
203,4,3,5,4,2,2,1
204,4,3,5,4,2,3,1
205,4,3,5,4,3,1,1
206,4,3,5,4,3,2,1
207,4,3,5,4,3,3,1
208,4,3,5,5,1,1,1
209,4,3,5,5,1,2,1
210,4,3,5,5,1,3,1
211,4,3,5,5,2,1,1
212,4,3,5,5,2,2,1
213,4,3,5,5,2,3,1
214,4,3,5,5,3,1,1
215,4,3,5,5,3,2,1
216,4,3,5,5,3,3,1
217,4,2,2,2,1,1,1
218,4,2,2,2,1,2,1
219,4,2,2,2,1,3,1
220,4,2,2,2,2,1,1
221,4,2,2,2,2,2,1
222,4,2,2,2,2,3,1
223,4,2,2,2,3,1,1
224,4,2,2,2,3,2,1
225,4,2,2,2,3,3,1
226,4,2,2,4,1,1,1
227,4,2,2,4,1,2,1
228,4,2,2,4,1,3,2
229,4,2,2,4,2,1,1
230,4,2,2,4,2,2,1
231,4,2,2,4,2,3,2
232,4,2,2,4,3,1,1
233,4,2,2,4,3,2,2
234,4,2,2,4,3,3,2
235,4,2,2,5,1,1,1
236,4,2,2,5,1,2,1
237,4,2,2,5,1,3,1
238,4,2,2,5,2,1,1
239,4,2,2,5,2,2,1
240,4,2,2,5,2,3,2
241,4,2,2,5,3,1,1
242,4,2,2,5,3,2,2
243,4,2,2,5,3,3,2
244,4,2,3,2,1,1,1
245,4,2,3,2,1,2,1
246,4,2,3,2,1,3,1
247,4,2,3,2,2,1,1
248,4,2,3,2,2,2,1
249,4,2,3,2,2,3,1
250,4,2,3,2,3,1,1
251,4,2,3,2,3,2,1
252,4,2,3,2,3,3,1
253,4,2,3,4,1,1,1
254,4,2,3,4,1,2,1
255,4,2,3,4,1,3,2
256,4,2,3,4,2,1,1
257,4,2,3,4,2,2,1
258,4,2,3,4,2,3,2
259,4,2,3,4,3,1,1
260,4,2,3,4,3,2,2
261,4,2,3,4,3,3,2
262,4,2,3,5,1,1,1
263,4,2,3,5,1,2,1
264,4,2,3,5,1,3,2
265,4,2,3,5,2,1,1
266,4,2,3,5,2,2,2
267,4,2,3,5,2,3,2
268,4,2,3,5,3,1,1
269,4,2,3,5,3,2,2
270,4,2,3,5,3,3,2
271,4,2,4,2,1,1,1
272,4,2,4,2,1,2,1
273,4,2,4,2,1,3,1
274,4,2,4,2,2,1,1
275,4,2,4,2,2,2,1
276,4,2,4,2,2,3,1
277,4,2,4,2,3,1,1
278,4,2,4,2,3,2,1
279,4,2,4,2,3,3,1
280,4,2,4,4,1,1,1
281,4,2,4,4,1,2,1
282,4,2,4,4,1,3,2
283,4,2,4,4,2,1,1
284,4,2,4,4,2,2,2
285,4,2,4,4,2,3,2
286,4,2,4,4,3,1,1
287,4,2,4,4,3,2,2
288,4,2,4,4,3,3,2
289,4,2,4,5,1,1,1
290,4,2,4,5,1,2,1
291,4,2,4,5,1,3,2
292,4,2,4,5,2,1,1
293,4,2,4,5,2,2,2
294,4,2,4,5,2,3,2
295,4,2,4,5,3,1,1
296,4,2,4,5,3,2,2
297,4,2,4,5,3,3,2
298,4,2,5,2,1,1,1
299,4,2,5,2,1,2,1
300,4,2,5,2,1,3,1
301,4,2,5,2,2,1,1
302,4,2,5,2,2,2,1
303,4,2,5,2,2,3,1
304,4,2,5,2,3,1,1
305,4,2,5,2,3,2,1
306,4,2,5,2,3,3,1
307,4,2,5,4,1,1,1
308,4,2,5,4,1,2,1
309,4,2,5,4,1,3,2
310,4,2,5,4,2,1,1
311,4,2,5,4,2,2,2
312,4,2,5,4,2,3,2
313,4,2,5,4,3,1,1
314,4,2,5,4,3,2,2
315,4,2,5,4,3,3,2
316,4,2,5,5,1,1,1
317,4,2,5,5,1,2,1
318,4,2,5,5,1,3,2
319,4,2,5,5,2,1,1
320,4,2,5,5,2,2,2
321,4,2,5,5,2,3,2
322,4,2,5,5,3,1,1
323,4,2,5,5,3,2,2
324,4,2,5,5,3,3,2
325,4,1,2,2,1,1,1
326,4,1,2,2,1,2,1
327,4,1,2,2,1,3,1
328,4,1,2,2,2,1,1
329,4,1,2,2,2,2,1
330,4,1,2,2,2,3,1
331,4,1,2,2,3,1,1
332,4,1,2,2,3,2,1
333,4,1,2,2,3,3,1
334,4,1,2,4,1,1,1
335,4,1,2,4,1,2,1
336,4,1,2,4,1,3,2
337,4,1,2,4,2,1,1
338,4,1,2,4,2,2,1
339,4,1,2,4,2,3,2
340,4,1,2,4,3,1,1
341,4,1,2,4,3,2,2
342,4,1,2,4,3,3,2
343,4,1,2,5,1,1,1
344,4,1,2,5,1,2,1
345,4,1,2,5,1,3,1
346,4,1,2,5,2,1,1
347,4,1,2,5,2,2,1
348,4,1,2,5,2,3,2
349,4,1,2,5,3,1,1
350,4,1,2,5,3,2,2
351,4,1,2,5,3,3,2
352,4,1,3,2,1,1,1
353,4,1,3,2,1,2,1
354,4,1,3,2,1,3,1
355,4,1,3,2,2,1,1
356,4,1,3,2,2,2,1
357,4,1,3,2,2,3,1
358,4,1,3,2,3,1,1
359,4,1,3,2,3,2,1
360,4,1,3,2,3,3,1
361,4,1,3,4,1,1,1
362,4,1,3,4,1,2,1
363,4,1,3,4,1,3,2
364,4,1,3,4,2,1,1
365,4,1,3,4,2,2,1
366,4,1,3,4,2,3,2
367,4,1,3,4,3,1,1
368,4,1,3,4,3,2,2
369,4,1,3,4,3,3,2
370,4,1,3,5,1,1,1
371,4,1,3,5,1,2,1
372,4,1,3,5,1,3,2
373,4,1,3,5,2,1,1
374,4,1,3,5,2,2,2
375,4,1,3,5,2,3,2
376,4,1,3,5,3,1,1
377,4,1,3,5,3,2,2
378,4,1,3,5,3,3,2
379,4,1,4,2,1,1,1
380,4,1,4,2,1,2,1
381,4,1,4,2,1,3,1
382,4,1,4,2,2,1,1
383,4,1,4,2,2,2,1
384,4,1,4,2,2,3,1
385,4,1,4,2,3,1,1
386,4,1,4,2,3,2,1
387,4,1,4,2,3,3,1
388,4,1,4,4,1,1,1
389,4,1,4,4,1,2,1
390,4,1,4,4,1,3,2
391,4,1,4,4,2,1,1
392,4,1,4,4,2,2,2
393,4,1,4,4,2,3,2
394,4,1,4,4,3,1,1
395,4,1,4,4,3,2,2
396,4,1,4,4,3,3,2
397,4,1,4,5,1,1,1
398,4,1,4,5,1,2,1
399,4,1,4,5,1,3,2
400,4,1,4,5,2,1,1
401,4,1,4,5,2,2,2
402,4,1,4,5,2,3,2
403,4,1,4,5,3,1,1
404,4,1,4,5,3,2,2
405,4,1,4,5,3,3,2
406,4,1,5,2,1,1,1
407,4,1,5,2,1,2,1
408,4,1,5,2,1,3,1
409,4,1,5,2,2,1,1
410,4,1,5,2,2,2,1
411,4,1,5,2,2,3,1
412,4,1,5,2,3,1,1
413,4,1,5,2,3,2,1
414,4,1,5,2,3,3,1
415,4,1,5,4,1,1,1
416,4,1,5,4,1,2,1
417,4,1,5,4,1,3,2
418,4,1,5,4,2,1,1
419,4,1,5,4,2,2,2
420,4,1,5,4,2,3,2
421,4,1,5,4,3,1,1
422,4,1,5,4,3,2,2
423,4,1,5,4,3,3,2
424,4,1,5,5,1,1,1
425,4,1,5,5,1,2,1
426,4,1,5,5,1,3,2
427,4,1,5,5,2,1,1
428,4,1,5,5,2,2,2
429,4,1,5,5,2,3,2
430,4,1,5,5,3,1,1
431,4,1,5,5,3,2,2
432,4,1,5,5,3,3,2
433,3,4,2,2,1,1,1
434,3,4,2,2,1,2,1
435,3,4,2,2,1,3,1
436,3,4,2,2,2,1,1
437,3,4,2,2,2,2,1
438,3,4,2,2,2,3,1
439,3,4,2,2,3,1,1
440,3,4,2,2,3,2,1
441,3,4,2,2,3,3,1
442,3,4,2,4,1,1,1
443,3,4,2,4,1,2,1
444,3,4,2,4,1,3,1
445,3,4,2,4,2,1,1
446,3,4,2,4,2,2,1
447,3,4,2,4,2,3,1
448,3,4,2,4,3,1,1
449,3,4,2,4,3,2,1
450,3,4,2,4,3,3,1
451,3,4,2,5,1,1,1
452,3,4,2,5,1,2,1
453,3,4,2,5,1,3,1
454,3,4,2,5,2,1,1
455,3,4,2,5,2,2,1
456,3,4,2,5,2,3,1
457,3,4,2,5,3,1,1
458,3,4,2,5,3,2,1
459,3,4,2,5,3,3,1
460,3,4,3,2,1,1,1
461,3,4,3,2,1,2,1
462,3,4,3,2,1,3,1
463,3,4,3,2,2,1,1
464,3,4,3,2,2,2,1
465,3,4,3,2,2,3,1
466,3,4,3,2,3,1,1
467,3,4,3,2,3,2,1
468,3,4,3,2,3,3,1
469,3,4,3,4,1,1,1
470,3,4,3,4,1,2,1
471,3,4,3,4,1,3,1
472,3,4,3,4,2,1,1
473,3,4,3,4,2,2,1
474,3,4,3,4,2,3,1
475,3,4,3,4,3,1,1
476,3,4,3,4,3,2,1
477,3,4,3,4,3,3,1
478,3,4,3,5,1,1,1
479,3,4,3,5,1,2,1
480,3,4,3,5,1,3,1
481,3,4,3,5,2,1,1
482,3,4,3,5,2,2,1
483,3,4,3,5,2,3,1
484,3,4,3,5,3,1,1
485,3,4,3,5,3,2,1
486,3,4,3,5,3,3,1
487,3,4,4,2,1,1,1
488,3,4,4,2,1,2,1
489,3,4,4,2,1,3,1
490,3,4,4,2,2,1,1
491,3,4,4,2,2,2,1
492,3,4,4,2,2,3,1
493,3,4,4,2,3,1,1
494,3,4,4,2,3,2,1
495,3,4,4,2,3,3,1
496,3,4,4,4,1,1,1
497,3,4,4,4,1,2,1
498,3,4,4,4,1,3,1
499,3,4,4,4,2,1,1
500,3,4,4,4,2,2,1
501,3,4,4,4,2,3,1
502,3,4,4,4,3,1,1
503,3,4,4,4,3,2,1
504,3,4,4,4,3,3,1
505,3,4,4,5,1,1,1
506,3,4,4,5,1,2,1
507,3,4,4,5,1,3,1
508,3,4,4,5,2,1,1
509,3,4,4,5,2,2,1
510,3,4,4,5,2,3,1
511,3,4,4,5,3,1,1
512,3,4,4,5,3,2,1
513,3,4,4,5,3,3,1
514,3,4,5,2,1,1,1
515,3,4,5,2,1,2,1
516,3,4,5,2,1,3,1
517,3,4,5,2,2,1,1
518,3,4,5,2,2,2,1
519,3,4,5,2,2,3,1
520,3,4,5,2,3,1,1
521,3,4,5,2,3,2,1
522,3,4,5,2,3,3,1
523,3,4,5,4,1,1,1
524,3,4,5,4,1,2,1
525,3,4,5,4,1,3,1
526,3,4,5,4,2,1,1
527,3,4,5,4,2,2,1
528,3,4,5,4,2,3,1
529,3,4,5,4,3,1,1
530,3,4,5,4,3,2,1
531,3,4,5,4,3,3,1
532,3,4,5,5,1,1,1
533,3,4,5,5,1,2,1
534,3,4,5,5,1,3,1
535,3,4,5,5,2,1,1
536,3,4,5,5,2,2,1
537,3,4,5,5,2,3,1
538,3,4,5,5,3,1,1
539,3,4,5,5,3,2,1
540,3,4,5,5,3,3,1
541,3,3,2,2,1,1,1
542,3,3,2,2,1,2,1
543,3,3,2,2,1,3,1
544,3,3,2,2,2,1,1
545,3,3,2,2,2,2,1
546,3,3,2,2,2,3,1
547,3,3,2,2,3,1,1
548,3,3,2,2,3,2,1
549,3,3,2,2,3,3,1
550,3,3,2,4,1,1,1
551,3,3,2,4,1,2,1
552,3,3,2,4,1,3,2
553,3,3,2,4,2,1,1
554,3,3,2,4,2,2,1
555,3,3,2,4,2,3,2
556,3,3,2,4,3,1,1
557,3,3,2,4,3,2,2
558,3,3,2,4,3,3,2
559,3,3,2,5,1,1,1
560,3,3,2,5,1,2,1
561,3,3,2,5,1,3,1
562,3,3,2,5,2,1,1
563,3,3,2,5,2,2,1
564,3,3,2,5,2,3,2
565,3,3,2,5,3,1,1
566,3,3,2,5,3,2,2
567,3,3,2,5,3,3,2
568,3,3,3,2,1,1,1
569,3,3,3,2,1,2,1
570,3,3,3,2,1,3,1
571,3,3,3,2,2,1,1
572,3,3,3,2,2,2,1
573,3,3,3,2,2,3,1
574,3,3,3,2,3,1,1
575,3,3,3,2,3,2,1
576,3,3,3,2,3,3,1
577,3,3,3,4,1,1,1
578,3,3,3,4,1,2,1
579,3,3,3,4,1,3,2
580,3,3,3,4,2,1,1
581,3,3,3,4,2,2,1
582,3,3,3,4,2,3,2
583,3,3,3,4,3,1,1
584,3,3,3,4,3,2,2
585,3,3,3,4,3,3,2
586,3,3,3,5,1,1,1
587,3,3,3,5,1,2,1
588,3,3,3,5,1,3,2
589,3,3,3,5,2,1,1
590,3,3,3,5,2,2,2
591,3,3,3,5,2,3,2
592,3,3,3,5,3,1,1
593,3,3,3,5,3,2,2
594,3,3,3,5,3,3,2
595,3,3,4,2,1,1,1
596,3,3,4,2,1,2,1
597,3,3,4,2,1,3,1
598,3,3,4,2,2,1,1
599,3,3,4,2,2,2,1
600,3,3,4,2,2,3,1
601,3,3,4,2,3,1,1
602,3,3,4,2,3,2,1
603,3,3,4,2,3,3,1
604,3,3,4,4,1,1,1
605,3,3,4,4,1,2,1
606,3,3,4,4,1,3,2
607,3,3,4,4,2,1,1
608,3,3,4,4,2,2,2
609,3,3,4,4,2,3,2
610,3,3,4,4,3,1,1
611,3,3,4,4,3,2,2
612,3,3,4,4,3,3,2
613,3,3,4,5,1,1,1
614,3,3,4,5,1,2,1
615,3,3,4,5,1,3,2
616,3,3,4,5,2,1,1
617,3,3,4,5,2,2,2
618,3,3,4,5,2,3,2
619,3,3,4,5,3,1,1
620,3,3,4,5,3,2,2
621,3,3,4,5,3,3,2
622,3,3,5,2,1,1,1
623,3,3,5,2,1,2,1
624,3,3,5,2,1,3,1
625,3,3,5,2,2,1,1
626,3,3,5,2,2,2,1
627,3,3,5,2,2,3,1
628,3,3,5,2,3,1,1
629,3,3,5,2,3,2,1
630,3,3,5,2,3,3,1
631,3,3,5,4,1,1,1
632,3,3,5,4,1,2,1
633,3,3,5,4,1,3,2
634,3,3,5,4,2,1,1
635,3,3,5,4,2,2,2
636,3,3,5,4,2,3,2
637,3,3,5,4,3,1,1
638,3,3,5,4,3,2,2
639,3,3,5,4,3,3,2
640,3,3,5,5,1,1,1
641,3,3,5,5,1,2,1
642,3,3,5,5,1,3,2
643,3,3,5,5,2,1,1
644,3,3,5,5,2,2,2
645,3,3,5,5,2,3,2
646,3,3,5,5,3,1,1
647,3,3,5,5,3,2,2
648,3,3,5,5,3,3,2
649,3,2,2,2,1,1,1
650,3,2,2,2,1,2,1
651,3,2,2,2,1,3,1
652,3,2,2,2,2,1,1
653,3,2,2,2,2,2,1
654,3,2,2,2,2,3,1
655,3,2,2,2,3,1,1
656,3,2,2,2,3,2,1
657,3,2,2,2,3,3,1
658,3,2,2,4,1,1,1
659,3,2,2,4,1,2,1
660,3,2,2,4,1,3,2
661,3,2,2,4,2,1,1
662,3,2,2,4,2,2,1
663,3,2,2,4,2,3,2
664,3,2,2,4,3,1,1
665,3,2,2,4,3,2,2
666,3,2,2,4,3,3,2
667,3,2,2,5,1,1,1
668,3,2,2,5,1,2,1
669,3,2,2,5,1,3,1
670,3,2,2,5,2,1,1
671,3,2,2,5,2,2,1
672,3,2,2,5,2,3,2
673,3,2,2,5,3,1,1
674,3,2,2,5,3,2,2
675,3,2,2,5,3,3,2
676,3,2,3,2,1,1,1
677,3,2,3,2,1,2,1
678,3,2,3,2,1,3,1
679,3,2,3,2,2,1,1
680,3,2,3,2,2,2,1
681,3,2,3,2,2,3,1
682,3,2,3,2,3,1,1
683,3,2,3,2,3,2,1
684,3,2,3,2,3,3,1
685,3,2,3,4,1,1,1
686,3,2,3,4,1,2,1
687,3,2,3,4,1,3,2
688,3,2,3,4,2,1,1
689,3,2,3,4,2,2,1
690,3,2,3,4,2,3,2
691,3,2,3,4,3,1,1
692,3,2,3,4,3,2,2
693,3,2,3,4,3,3,2
694,3,2,3,5,1,1,1
695,3,2,3,5,1,2,1
696,3,2,3,5,1,3,2
697,3,2,3,5,2,1,1
698,3,2,3,5,2,2,2
699,3,2,3,5,2,3,2
700,3,2,3,5,3,1,1
701,3,2,3,5,3,2,2
702,3,2,3,5,3,3,2
703,3,2,4,2,1,1,1
704,3,2,4,2,1,2,1
705,3,2,4,2,1,3,1
706,3,2,4,2,2,1,1
707,3,2,4,2,2,2,1
708,3,2,4,2,2,3,1
709,3,2,4,2,3,1,1
710,3,2,4,2,3,2,1
711,3,2,4,2,3,3,1
712,3,2,4,4,1,1,1
713,3,2,4,4,1,2,1
714,3,2,4,4,1,3,2
715,3,2,4,4,2,1,1
716,3,2,4,4,2,2,2
717,3,2,4,4,2,3,2
718,3,2,4,4,3,1,1
719,3,2,4,4,3,2,2
720,3,2,4,4,3,3,2
721,3,2,4,5,1,1,1
722,3,2,4,5,1,2,1
723,3,2,4,5,1,3,2
724,3,2,4,5,2,1,1
725,3,2,4,5,2,2,2
726,3,2,4,5,2,3,2
727,3,2,4,5,3,1,1
728,3,2,4,5,3,2,2
729,3,2,4,5,3,3,2
730,3,2,5,2,1,1,1
731,3,2,5,2,1,2,1
732,3,2,5,2,1,3,1
733,3,2,5,2,2,1,1
734,3,2,5,2,2,2,1
735,3,2,5,2,2,3,1
736,3,2,5,2,3,1,1
737,3,2,5,2,3,2,1
738,3,2,5,2,3,3,1
739,3,2,5,4,1,1,1
740,3,2,5,4,1,2,1
741,3,2,5,4,1,3,2
742,3,2,5,4,2,1,1
743,3,2,5,4,2,2,2
744,3,2,5,4,2,3,2
745,3,2,5,4,3,1,1
746,3,2,5,4,3,2,2
747,3,2,5,4,3,3,2
748,3,2,5,5,1,1,1
749,3,2,5,5,1,2,1
750,3,2,5,5,1,3,2
751,3,2,5,5,2,1,1
752,3,2,5,5,2,2,2
753,3,2,5,5,2,3,2
754,3,2,5,5,3,1,1
755,3,2,5,5,3,2,2
756,3,2,5,5,3,3,2
757,3,1,2,2,1,1,1
758,3,1,2,2,1,2,1
759,3,1,2,2,1,3,1
760,3,1,2,2,2,1,1
761,3,1,2,2,2,2,1
762,3,1,2,2,2,3,1
763,3,1,2,2,3,1,1
764,3,1,2,2,3,2,1
765,3,1,2,2,3,3,1
766,3,1,2,4,1,1,1
767,3,1,2,4,1,2,1
768,3,1,2,4,1,3,2
769,3,1,2,4,2,1,1
770,3,1,2,4,2,2,1
771,3,1,2,4,2,3,2
772,3,1,2,4,3,1,1
773,3,1,2,4,3,2,2
774,3,1,2,4,3,3,2
775,3,1,2,5,1,1,1
776,3,1,2,5,1,2,1
777,3,1,2,5,1,3,1
778,3,1,2,5,2,1,1
779,3,1,2,5,2,2,1
780,3,1,2,5,2,3,2
781,3,1,2,5,3,1,1
782,3,1,2,5,3,2,2
783,3,1,2,5,3,3,2
784,3,1,3,2,1,1,1
785,3,1,3,2,1,2,1
786,3,1,3,2,1,3,1
787,3,1,3,2,2,1,1
788,3,1,3,2,2,2,1
789,3,1,3,2,2,3,1
790,3,1,3,2,3,1,1
791,3,1,3,2,3,2,1
792,3,1,3,2,3,3,1
793,3,1,3,4,1,1,1
794,3,1,3,4,1,2,1
795,3,1,3,4,1,3,2
796,3,1,3,4,2,1,1
797,3,1,3,4,2,2,1
798,3,1,3,4,2,3,2
799,3,1,3,4,3,1,1
800,3,1,3,4,3,2,2
801,3,1,3,4,3,3,2
802,3,1,3,5,1,1,1
803,3,1,3,5,1,2,1
804,3,1,3,5,1,3,2
805,3,1,3,5,2,1,1
806,3,1,3,5,2,2,2
807,3,1,3,5,2,3,2
808,3,1,3,5,3,1,1
809,3,1,3,5,3,2,2
810,3,1,3,5,3,3,2
811,3,1,4,2,1,1,1
812,3,1,4,2,1,2,1
813,3,1,4,2,1,3,1
814,3,1,4,2,2,1,1
815,3,1,4,2,2,2,1
816,3,1,4,2,2,3,1
817,3,1,4,2,3,1,1
818,3,1,4,2,3,2,1
819,3,1,4,2,3,3,1
820,3,1,4,4,1,1,1
821,3,1,4,4,1,2,1
822,3,1,4,4,1,3,2
823,3,1,4,4,2,1,1
824,3,1,4,4,2,2,2
825,3,1,4,4,2,3,2
826,3,1,4,4,3,1,1
827,3,1,4,4,3,2,2
828,3,1,4,4,3,3,2
829,3,1,4,5,1,1,1
830,3,1,4,5,1,2,1
831,3,1,4,5,1,3,2
832,3,1,4,5,2,1,1
833,3,1,4,5,2,2,2
834,3,1,4,5,2,3,2
835,3,1,4,5,3,1,1
836,3,1,4,5,3,2,2
837,3,1,4,5,3,3,2
838,3,1,5,2,1,1,1
839,3,1,5,2,1,2,1
840,3,1,5,2,1,3,1
841,3,1,5,2,2,1,1
842,3,1,5,2,2,2,1
843,3,1,5,2,2,3,1
844,3,1,5,2,3,1,1
845,3,1,5,2,3,2,1
846,3,1,5,2,3,3,1
847,3,1,5,4,1,1,1
848,3,1,5,4,1,2,1
849,3,1,5,4,1,3,2
850,3,1,5,4,2,1,1
851,3,1,5,4,2,2,2
852,3,1,5,4,2,3,2
853,3,1,5,4,3,1,1
854,3,1,5,4,3,2,2
855,3,1,5,4,3,3,2
856,3,1,5,5,1,1,1
857,3,1,5,5,1,2,1
858,3,1,5,5,1,3,2
859,3,1,5,5,2,1,1
860,3,1,5,5,2,2,2
861,3,1,5,5,2,3,2
862,3,1,5,5,3,1,1
863,3,1,5,5,3,2,2
864,3,1,5,5,3,3,2
865,2,4,2,2,1,1,1
866,2,4,2,2,1,2,1
867,2,4,2,2,1,3,1
868,2,4,2,2,2,1,1
869,2,4,2,2,2,2,1
870,2,4,2,2,2,3,1
871,2,4,2,2,3,1,1
872,2,4,2,2,3,2,1
873,2,4,2,2,3,3,1
874,2,4,2,4,1,1,1
875,2,4,2,4,1,2,1
876,2,4,2,4,1,3,2
877,2,4,2,4,2,1,1
878,2,4,2,4,2,2,1
879,2,4,2,4,2,3,2
880,2,4,2,4,3,1,1
881,2,4,2,4,3,2,2
882,2,4,2,4,3,3,2
883,2,4,2,5,1,1,1
884,2,4,2,5,1,2,1
885,2,4,2,5,1,3,1
886,2,4,2,5,2,1,1
887,2,4,2,5,2,2,1
888,2,4,2,5,2,3,2
889,2,4,2,5,3,1,1
890,2,4,2,5,3,2,2
891,2,4,2,5,3,3,2
892,2,4,3,2,1,1,1
893,2,4,3,2,1,2,1
894,2,4,3,2,1,3,1
895,2,4,3,2,2,1,1
896,2,4,3,2,2,2,1
897,2,4,3,2,2,3,1
898,2,4,3,2,3,1,1
899,2,4,3,2,3,2,1
900,2,4,3,2,3,3,1
901,2,4,3,4,1,1,1
902,2,4,3,4,1,2,1
903,2,4,3,4,1,3,2
904,2,4,3,4,2,1,1
905,2,4,3,4,2,2,1
906,2,4,3,4,2,3,2
907,2,4,3,4,3,1,1
908,2,4,3,4,3,2,2
909,2,4,3,4,3,3,2
910,2,4,3,5,1,1,1
911,2,4,3,5,1,2,1
912,2,4,3,5,1,3,2
913,2,4,3,5,2,1,1
914,2,4,3,5,2,2,2
915,2,4,3,5,2,3,2
916,2,4,3,5,3,1,1
917,2,4,3,5,3,2,2
918,2,4,3,5,3,3,2
919,2,4,4,2,1,1,1
920,2,4,4,2,1,2,1
921,2,4,4,2,1,3,1
922,2,4,4,2,2,1,1
923,2,4,4,2,2,2,1
924,2,4,4,2,2,3,1
925,2,4,4,2,3,1,1
926,2,4,4,2,3,2,1
927,2,4,4,2,3,3,1
928,2,4,4,4,1,1,1
929,2,4,4,4,1,2,1
930,2,4,4,4,1,3,2
931,2,4,4,4,2,1,1
932,2,4,4,4,2,2,2
933,2,4,4,4,2,3,2
934,2,4,4,4,3,1,1
935,2,4,4,4,3,2,2
936,2,4,4,4,3,3,2
937,2,4,4,5,1,1,1
938,2,4,4,5,1,2,1
939,2,4,4,5,1,3,2
940,2,4,4,5,2,1,1
941,2,4,4,5,2,2,2
942,2,4,4,5,2,3,2
943,2,4,4,5,3,1,1
944,2,4,4,5,3,2,2
945,2,4,4,5,3,3,2
946,2,4,5,2,1,1,1
947,2,4,5,2,1,2,1
948,2,4,5,2,1,3,1
949,2,4,5,2,2,1,1
950,2,4,5,2,2,2,1
951,2,4,5,2,2,3,1
952,2,4,5,2,3,1,1
953,2,4,5,2,3,2,1
954,2,4,5,2,3,3,1
955,2,4,5,4,1,1,1
956,2,4,5,4,1,2,1
957,2,4,5,4,1,3,2
958,2,4,5,4,2,1,1
959,2,4,5,4,2,2,2
960,2,4,5,4,2,3,2
961,2,4,5,4,3,1,1
962,2,4,5,4,3,2,2
963,2,4,5,4,3,3,2
964,2,4,5,5,1,1,1
965,2,4,5,5,1,2,1
966,2,4,5,5,1,3,2
967,2,4,5,5,2,1,1
968,2,4,5,5,2,2,2
969,2,4,5,5,2,3,2
970,2,4,5,5,3,1,1
971,2,4,5,5,3,2,2
972,2,4,5,5,3,3,2
973,2,3,2,2,1,1,1
974,2,3,2,2,1,2,1
975,2,3,2,2,1,3,1
976,2,3,2,2,2,1,1
977,2,3,2,2,2,2,1
978,2,3,2,2,2,3,1
979,2,3,2,2,3,1,1
980,2,3,2,2,3,2,1
981,2,3,2,2,3,3,1
982,2,3,2,4,1,1,1
983,2,3,2,4,1,2,1
984,2,3,2,4,1,3,2
985,2,3,2,4,2,1,1
986,2,3,2,4,2,2,1
987,2,3,2,4,2,3,2
988,2,3,2,4,3,1,1
989,2,3,2,4,3,2,2
990,2,3,2,4,3,3,2
991,2,3,2,5,1,1,1
992,2,3,2,5,1,2,1
993,2,3,2,5,1,3,1
994,2,3,2,5,2,1,1
995,2,3,2,5,2,2,1
996,2,3,2,5,2,3,2
997,2,3,2,5,3,1,1
998,2,3,2,5,3,2,2
999,2,3,2,5,3,3,2
1000,2,3,3,2,1,1,1
1001,2,3,3,2,1,2,1
1002,2,3,3,2,1,3,1
1003,2,3,3,2,2,1,1
1004,2,3,3,2,2,2,1
1005,2,3,3,2,2,3,1
1006,2,3,3,2,3,1,1
1007,2,3,3,2,3,2,1
1008,2,3,3,2,3,3,1
1009,2,3,3,4,1,1,1
1010,2,3,3,4,1,2,1
1011,2,3,3,4,1,3,2
1012,2,3,3,4,2,1,1
1013,2,3,3,4,2,2,1
1014,2,3,3,4,2,3,2
1015,2,3,3,4,3,1,1
1016,2,3,3,4,3,2,2
1017,2,3,3,4,3,3,2
1018,2,3,3,5,1,1,1
1019,2,3,3,5,1,2,1
1020,2,3,3,5,1,3,2
1021,2,3,3,5,2,1,1
1022,2,3,3,5,2,2,2
1023,2,3,3,5,2,3,2
1024,2,3,3,5,3,1,1
1025,2,3,3,5,3,2,2
1026,2,3,3,5,3,3,2
1027,2,3,4,2,1,1,1
1028,2,3,4,2,1,2,1
1029,2,3,4,2,1,3,1
1030,2,3,4,2,2,1,1
1031,2,3,4,2,2,2,1
1032,2,3,4,2,2,3,1
1033,2,3,4,2,3,1,1
1034,2,3,4,2,3,2,1
1035,2,3,4,2,3,3,1
1036,2,3,4,4,1,1,1
1037,2,3,4,4,1,2,1
1038,2,3,4,4,1,3,2
1039,2,3,4,4,2,1,1
1040,2,3,4,4,2,2,2
1041,2,3,4,4,2,3,2
1042,2,3,4,4,3,1,1
1043,2,3,4,4,3,2,2
1044,2,3,4,4,3,3,2
1045,2,3,4,5,1,1,1
1046,2,3,4,5,1,2,1
1047,2,3,4,5,1,3,2
1048,2,3,4,5,2,1,1
1049,2,3,4,5,2,2,2
1050,2,3,4,5,2,3,2
1051,2,3,4,5,3,1,1
1052,2,3,4,5,3,2,2
1053,2,3,4,5,3,3,2
1054,2,3,5,2,1,1,1
1055,2,3,5,2,1,2,1
1056,2,3,5,2,1,3,1
1057,2,3,5,2,2,1,1
1058,2,3,5,2,2,2,1
1059,2,3,5,2,2,3,1
1060,2,3,5,2,3,1,1
1061,2,3,5,2,3,2,1
1062,2,3,5,2,3,3,1
1063,2,3,5,4,1,1,1
1064,2,3,5,4,1,2,1
1065,2,3,5,4,1,3,2
1066,2,3,5,4,2,1,1
1067,2,3,5,4,2,2,2
1068,2,3,5,4,2,3,2
1069,2,3,5,4,3,1,1
1070,2,3,5,4,3,2,2
1071,2,3,5,4,3,3,2
1072,2,3,5,5,1,1,1
1073,2,3,5,5,1,2,1
1074,2,3,5,5,1,3,2
1075,2,3,5,5,2,1,1
1076,2,3,5,5,2,2,2
1077,2,3,5,5,2,3,2
1078,2,3,5,5,3,1,1
1079,2,3,5,5,3,2,2
1080,2,3,5,5,3,3,2
1081,2,2,2,2,1,1,1
1082,2,2,2,2,1,2,1
1083,2,2,2,2,1,3,1
1084,2,2,2,2,2,1,1
1085,2,2,2,2,2,2,1
1086,2,2,2,2,2,3,1
1087,2,2,2,2,3,1,1
1088,2,2,2,2,3,2,1
1089,2,2,2,2,3,3,1
1090,2,2,2,4,1,1,1
1091,2,2,2,4,1,2,2
1092,2,2,2,4,1,3,2
1093,2,2,2,4,2,1,1
1094,2,2,2,4,2,2,2
1095,2,2,2,4,2,3,2
1096,2,2,2,4,3,1,1
1097,2,2,2,4,3,2,2
1098,2,2,2,4,3,3,4
1099,2,2,2,5,1,1,1
1100,2,2,2,5,1,2,1
1101,2,2,2,5,1,3,1
1102,2,2,2,5,2,1,1
1103,2,2,2,5,2,2,2
1104,2,2,2,5,2,3,2
1105,2,2,2,5,3,1,1
1106,2,2,2,5,3,2,2
1107,2,2,2,5,3,3,4
1108,2,2,3,2,1,1,1
1109,2,2,3,2,1,2,1
1110,2,2,3,2,1,3,1
1111,2,2,3,2,2,1,1
1112,2,2,3,2,2,2,1
1113,2,2,3,2,2,3,1
1114,2,2,3,2,3,1,1
1115,2,2,3,2,3,2,1
1116,2,2,3,2,3,3,1
1117,2,2,3,4,1,1,1
1118,2,2,3,4,1,2,2
1119,2,2,3,4,1,3,2
1120,2,2,3,4,2,1,1
1121,2,2,3,4,2,2,2
1122,2,2,3,4,2,3,2
1123,2,2,3,4,3,1,1
1124,2,2,3,4,3,2,2
1125,2,2,3,4,3,3,4
1126,2,2,3,5,1,1,1
1127,2,2,3,5,1,2,2
1128,2,2,3,5,1,3,2
1129,2,2,3,5,2,1,1
1130,2,2,3,5,2,2,2
1131,2,2,3,5,2,3,4
1132,2,2,3,5,3,1,1
1133,2,2,3,5,3,2,2
1134,2,2,3,5,3,3,4
1135,2,2,4,2,1,1,1
1136,2,2,4,2,1,2,1
1137,2,2,4,2,1,3,1
1138,2,2,4,2,2,1,1
1139,2,2,4,2,2,2,1
1140,2,2,4,2,2,3,1
1141,2,2,4,2,3,1,1
1142,2,2,4,2,3,2,1
1143,2,2,4,2,3,3,1
1144,2,2,4,4,1,1,1
1145,2,2,4,4,1,2,2
1146,2,2,4,4,1,3,2
1147,2,2,4,4,2,1,1
1148,2,2,4,4,2,2,2
1149,2,2,4,4,2,3,4
1150,2,2,4,4,3,1,1
1151,2,2,4,4,3,2,2
1152,2,2,4,4,3,3,4
1153,2,2,4,5,1,1,1
1154,2,2,4,5,1,2,2
1155,2,2,4,5,1,3,2
1156,2,2,4,5,2,1,1
1157,2,2,4,5,2,2,2
1158,2,2,4,5,2,3,4
1159,2,2,4,5,3,1,1
1160,2,2,4,5,3,2,2
1161,2,2,4,5,3,3,4
1162,2,2,5,2,1,1,1
1163,2,2,5,2,1,2,1
1164,2,2,5,2,1,3,1
1165,2,2,5,2,2,1,1
1166,2,2,5,2,2,2,1
1167,2,2,5,2,2,3,1
1168,2,2,5,2,3,1,1
1169,2,2,5,2,3,2,1
1170,2,2,5,2,3,3,1
1171,2,2,5,4,1,1,1
1172,2,2,5,4,1,2,2
1173,2,2,5,4,1,3,2
1174,2,2,5,4,2,1,1
1175,2,2,5,4,2,2,2
1176,2,2,5,4,2,3,4
1177,2,2,5,4,3,1,1
1178,2,2,5,4,3,2,2
1179,2,2,5,4,3,3,4
1180,2,2,5,5,1,1,1
1181,2,2,5,5,1,2,2
1182,2,2,5,5,1,3,2
1183,2,2,5,5,2,1,1
1184,2,2,5,5,2,2,2
1185,2,2,5,5,2,3,4
1186,2,2,5,5,3,1,1
1187,2,2,5,5,3,2,2
1188,2,2,5,5,3,3,4
1189,2,1,2,2,1,1,1
1190,2,1,2,2,1,2,1
1191,2,1,2,2,1,3,1
1192,2,1,2,2,2,1,1
1193,2,1,2,2,2,2,1
1194,2,1,2,2,2,3,1
1195,2,1,2,2,3,1,1
1196,2,1,2,2,3,2,1
1197,2,1,2,2,3,3,1
1198,2,1,2,4,1,1,1
1199,2,1,2,4,1,2,2
1200,2,1,2,4,1,3,3
1201,2,1,2,4,2,1,1
1202,2,1,2,4,2,2,2
1203,2,1,2,4,2,3,3
1204,2,1,2,4,3,1,1
1205,2,1,2,4,3,2,3
1206,2,1,2,4,3,3,4
1207,2,1,2,5,1,1,1
1208,2,1,2,5,1,2,1
1209,2,1,2,5,1,3,1
1210,2,1,2,5,2,1,1
1211,2,1,2,5,2,2,2
1212,2,1,2,5,2,3,3
1213,2,1,2,5,3,1,1
1214,2,1,2,5,3,2,3
1215,2,1,2,5,3,3,4
1216,2,1,3,2,1,1,1
1217,2,1,3,2,1,2,1
1218,2,1,3,2,1,3,1
1219,2,1,3,2,2,1,1
1220,2,1,3,2,2,2,1
1221,2,1,3,2,2,3,1
1222,2,1,3,2,3,1,1
1223,2,1,3,2,3,2,1
1224,2,1,3,2,3,3,1
1225,2,1,3,4,1,1,1
1226,2,1,3,4,1,2,2
1227,2,1,3,4,1,3,3
1228,2,1,3,4,2,1,1
1229,2,1,3,4,2,2,2
1230,2,1,3,4,2,3,3
1231,2,1,3,4,3,1,1
1232,2,1,3,4,3,2,3
1233,2,1,3,4,3,3,4
1234,2,1,3,5,1,1,1
1235,2,1,3,5,1,2,2
1236,2,1,3,5,1,3,3
1237,2,1,3,5,2,1,1
1238,2,1,3,5,2,2,3
1239,2,1,3,5,2,3,4
1240,2,1,3,5,3,1,1
1241,2,1,3,5,3,2,3
1242,2,1,3,5,3,3,4
1243,2,1,4,2,1,1,1
1244,2,1,4,2,1,2,1
1245,2,1,4,2,1,3,1
1246,2,1,4,2,2,1,1
1247,2,1,4,2,2,2,1
1248,2,1,4,2,2,3,1
1249,2,1,4,2,3,1,1
1250,2,1,4,2,3,2,1
1251,2,1,4,2,3,3,1
1252,2,1,4,4,1,1,1
1253,2,1,4,4,1,2,2
1254,2,1,4,4,1,3,3
1255,2,1,4,4,2,1,1
1256,2,1,4,4,2,2,3
1257,2,1,4,4,2,3,4
1258,2,1,4,4,3,1,1
1259,2,1,4,4,3,2,3
1260,2,1,4,4,3,3,4
1261,2,1,4,5,1,1,1
1262,2,1,4,5,1,2,2
1263,2,1,4,5,1,3,3
1264,2,1,4,5,2,1,1
1265,2,1,4,5,2,2,3
1266,2,1,4,5,2,3,4
1267,2,1,4,5,3,1,1
1268,2,1,4,5,3,2,3
1269,2,1,4,5,3,3,4
1270,2,1,5,2,1,1,1
1271,2,1,5,2,1,2,1
1272,2,1,5,2,1,3,1
1273,2,1,5,2,2,1,1
1274,2,1,5,2,2,2,1
1275,2,1,5,2,2,3,1
1276,2,1,5,2,3,1,1
1277,2,1,5,2,3,2,1
1278,2,1,5,2,3,3,1
1279,2,1,5,4,1,1,1
1280,2,1,5,4,1,2,2
1281,2,1,5,4,1,3,3
1282,2,1,5,4,2,1,1
1283,2,1,5,4,2,2,3
1284,2,1,5,4,2,3,4
1285,2,1,5,4,3,1,1
1286,2,1,5,4,3,2,3
1287,2,1,5,4,3,3,4
1288,2,1,5,5,1,1,1
1289,2,1,5,5,1,2,2
1290,2,1,5,5,1,3,3
1291,2,1,5,5,2,1,1
1292,2,1,5,5,2,2,3
1293,2,1,5,5,2,3,4
1294,2,1,5,5,3,1,1
1295,2,1,5,5,3,2,3
1296,2,1,5,5,3,3,4
1297,1,4,2,2,1,1,1
1298,1,4,2,2,1,2,1
1299,1,4,2,2,1,3,1
1300,1,4,2,2,2,1,1
1301,1,4,2,2,2,2,1
1302,1,4,2,2,2,3,1
1303,1,4,2,2,3,1,1
1304,1,4,2,2,3,2,1
1305,1,4,2,2,3,3,1
1306,1,4,2,4,1,1,1
1307,1,4,2,4,1,2,1
1308,1,4,2,4,1,3,2
1309,1,4,2,4,2,1,1
1310,1,4,2,4,2,2,1
1311,1,4,2,4,2,3,2
1312,1,4,2,4,3,1,1
1313,1,4,2,4,3,2,2
1314,1,4,2,4,3,3,2
1315,1,4,2,5,1,1,1
1316,1,4,2,5,1,2,1
1317,1,4,2,5,1,3,1
1318,1,4,2,5,2,1,1
1319,1,4,2,5,2,2,1
1320,1,4,2,5,2,3,2
1321,1,4,2,5,3,1,1
1322,1,4,2,5,3,2,2
1323,1,4,2,5,3,3,2
1324,1,4,3,2,1,1,1
1325,1,4,3,2,1,2,1
1326,1,4,3,2,1,3,1
1327,1,4,3,2,2,1,1
1328,1,4,3,2,2,2,1
1329,1,4,3,2,2,3,1
1330,1,4,3,2,3,1,1
1331,1,4,3,2,3,2,1
1332,1,4,3,2,3,3,1
1333,1,4,3,4,1,1,1
1334,1,4,3,4,1,2,1
1335,1,4,3,4,1,3,2
1336,1,4,3,4,2,1,1
1337,1,4,3,4,2,2,1
1338,1,4,3,4,2,3,2
1339,1,4,3,4,3,1,1
1340,1,4,3,4,3,2,2
1341,1,4,3,4,3,3,2
1342,1,4,3,5,1,1,1
1343,1,4,3,5,1,2,1
1344,1,4,3,5,1,3,2
1345,1,4,3,5,2,1,1
1346,1,4,3,5,2,2,2
1347,1,4,3,5,2,3,2
1348,1,4,3,5,3,1,1
1349,1,4,3,5,3,2,2
1350,1,4,3,5,3,3,2
1351,1,4,4,2,1,1,1
1352,1,4,4,2,1,2,1
1353,1,4,4,2,1,3,1
1354,1,4,4,2,2,1,1
1355,1,4,4,2,2,2,1
1356,1,4,4,2,2,3,1
1357,1,4,4,2,3,1,1
1358,1,4,4,2,3,2,1
1359,1,4,4,2,3,3,1
1360,1,4,4,4,1,1,1
1361,1,4,4,4,1,2,1
1362,1,4,4,4,1,3,2
1363,1,4,4,4,2,1,1
1364,1,4,4,4,2,2,2
1365,1,4,4,4,2,3,2
1366,1,4,4,4,3,1,1
1367,1,4,4,4,3,2,2
1368,1,4,4,4,3,3,2
1369,1,4,4,5,1,1,1
1370,1,4,4,5,1,2,1
1371,1,4,4,5,1,3,2
1372,1,4,4,5,2,1,1
1373,1,4,4,5,2,2,2
1374,1,4,4,5,2,3,2
1375,1,4,4,5,3,1,1
1376,1,4,4,5,3,2,2
1377,1,4,4,5,3,3,2
1378,1,4,5,2,1,1,1
1379,1,4,5,2,1,2,1
1380,1,4,5,2,1,3,1
1381,1,4,5,2,2,1,1
1382,1,4,5,2,2,2,1
1383,1,4,5,2,2,3,1
1384,1,4,5,2,3,1,1
1385,1,4,5,2,3,2,1
1386,1,4,5,2,3,3,1
1387,1,4,5,4,1,1,1
1388,1,4,5,4,1,2,1
1389,1,4,5,4,1,3,2
1390,1,4,5,4,2,1,1
1391,1,4,5,4,2,2,2
1392,1,4,5,4,2,3,2
1393,1,4,5,4,3,1,1
1394,1,4,5,4,3,2,2
1395,1,4,5,4,3,3,2
1396,1,4,5,5,1,1,1
1397,1,4,5,5,1,2,1
1398,1,4,5,5,1,3,2
1399,1,4,5,5,2,1,1
1400,1,4,5,5,2,2,2
1401,1,4,5,5,2,3,2
1402,1,4,5,5,3,1,1
1403,1,4,5,5,3,2,2
1404,1,4,5,5,3,3,2
1405,1,3,2,2,1,1,1
1406,1,3,2,2,1,2,1
1407,1,3,2,2,1,3,1
1408,1,3,2,2,2,1,1
1409,1,3,2,2,2,2,1
1410,1,3,2,2,2,3,1
1411,1,3,2,2,3,1,1
1412,1,3,2,2,3,2,1
1413,1,3,2,2,3,3,1
1414,1,3,2,4,1,1,1
1415,1,3,2,4,1,2,2
1416,1,3,2,4,1,3,2
1417,1,3,2,4,2,1,1
1418,1,3,2,4,2,2,2
1419,1,3,2,4,2,3,2
1420,1,3,2,4,3,1,1
1421,1,3,2,4,3,2,2
1422,1,3,2,4,3,3,4
1423,1,3,2,5,1,1,1
1424,1,3,2,5,1,2,1
1425,1,3,2,5,1,3,1
1426,1,3,2,5,2,1,1
1427,1,3,2,5,2,2,2
1428,1,3,2,5,2,3,2
1429,1,3,2,5,3,1,1
1430,1,3,2,5,3,2,2
1431,1,3,2,5,3,3,4
1432,1,3,3,2,1,1,1
1433,1,3,3,2,1,2,1
1434,1,3,3,2,1,3,1
1435,1,3,3,2,2,1,1
1436,1,3,3,2,2,2,1
1437,1,3,3,2,2,3,1
1438,1,3,3,2,3,1,1
1439,1,3,3,2,3,2,1
1440,1,3,3,2,3,3,1
1441,1,3,3,4,1,1,1
1442,1,3,3,4,1,2,2
1443,1,3,3,4,1,3,2
1444,1,3,3,4,2,1,1
1445,1,3,3,4,2,2,2
1446,1,3,3,4,2,3,2
1447,1,3,3,4,3,1,1
1448,1,3,3,4,3,2,2
1449,1,3,3,4,3,3,4
1450,1,3,3,5,1,1,1
1451,1,3,3,5,1,2,2
1452,1,3,3,5,1,3,2
1453,1,3,3,5,2,1,1
1454,1,3,3,5,2,2,2
1455,1,3,3,5,2,3,4
1456,1,3,3,5,3,1,1
1457,1,3,3,5,3,2,2
1458,1,3,3,5,3,3,4
1459,1,3,4,2,1,1,1
1460,1,3,4,2,1,2,1
1461,1,3,4,2,1,3,1
1462,1,3,4,2,2,1,1
1463,1,3,4,2,2,2,1
1464,1,3,4,2,2,3,1
1465,1,3,4,2,3,1,1
1466,1,3,4,2,3,2,1
1467,1,3,4,2,3,3,1
1468,1,3,4,4,1,1,1
1469,1,3,4,4,1,2,2
1470,1,3,4,4,1,3,2
1471,1,3,4,4,2,1,1
1472,1,3,4,4,2,2,2
1473,1,3,4,4,2,3,4
1474,1,3,4,4,3,1,1
1475,1,3,4,4,3,2,2
1476,1,3,4,4,3,3,4
1477,1,3,4,5,1,1,1
1478,1,3,4,5,1,2,2
1479,1,3,4,5,1,3,2
1480,1,3,4,5,2,1,1
1481,1,3,4,5,2,2,2
1482,1,3,4,5,2,3,4
1483,1,3,4,5,3,1,1
1484,1,3,4,5,3,2,2
1485,1,3,4,5,3,3,4
1486,1,3,5,2,1,1,1
1487,1,3,5,2,1,2,1
1488,1,3,5,2,1,3,1
1489,1,3,5,2,2,1,1
1490,1,3,5,2,2,2,1
1491,1,3,5,2,2,3,1
1492,1,3,5,2,3,1,1
1493,1,3,5,2,3,2,1
1494,1,3,5,2,3,3,1
1495,1,3,5,4,1,1,1
1496,1,3,5,4,1,2,2
1497,1,3,5,4,1,3,2
1498,1,3,5,4,2,1,1
1499,1,3,5,4,2,2,2
1500,1,3,5,4,2,3,4
1501,1,3,5,4,3,1,1
1502,1,3,5,4,3,2,2
1503,1,3,5,4,3,3,4
1504,1,3,5,5,1,1,1
1505,1,3,5,5,1,2,2
1506,1,3,5,5,1,3,2
1507,1,3,5,5,2,1,1
1508,1,3,5,5,2,2,2
1509,1,3,5,5,2,3,4
1510,1,3,5,5,3,1,1
1511,1,3,5,5,3,2,2
1512,1,3,5,5,3,3,4
1513,1,2,2,2,1,1,1
1514,1,2,2,2,1,2,1
1515,1,2,2,2,1,3,1
1516,1,2,2,2,2,1,1
1517,1,2,2,2,2,2,1
1518,1,2,2,2,2,3,1
1519,1,2,2,2,3,1,1
1520,1,2,2,2,3,2,1
1521,1,2,2,2,3,3,1
1522,1,2,2,4,1,1,1
1523,1,2,2,4,1,2,2
1524,1,2,2,4,1,3,3
1525,1,2,2,4,2,1,1
1526,1,2,2,4,2,2,2
1527,1,2,2,4,2,3,3
1528,1,2,2,4,3,1,1
1529,1,2,2,4,3,2,3
1530,1,2,2,4,3,3,4
1531,1,2,2,5,1,1,1
1532,1,2,2,5,1,2,1
1533,1,2,2,5,1,3,1
1534,1,2,2,5,2,1,1
1535,1,2,2,5,2,2,2
1536,1,2,2,5,2,3,3
1537,1,2,2,5,3,1,1
1538,1,2,2,5,3,2,3
1539,1,2,2,5,3,3,4
1540,1,2,3,2,1,1,1
1541,1,2,3,2,1,2,1
1542,1,2,3,2,1,3,1
1543,1,2,3,2,2,1,1
1544,1,2,3,2,2,2,1
1545,1,2,3,2,2,3,1
1546,1,2,3,2,3,1,1
1547,1,2,3,2,3,2,1
1548,1,2,3,2,3,3,1
1549,1,2,3,4,1,1,1
1550,1,2,3,4,1,2,2
1551,1,2,3,4,1,3,3
1552,1,2,3,4,2,1,1
1553,1,2,3,4,2,2,2
1554,1,2,3,4,2,3,3
1555,1,2,3,4,3,1,1
1556,1,2,3,4,3,2,3
1557,1,2,3,4,3,3,4
1558,1,2,3,5,1,1,1
1559,1,2,3,5,1,2,2
1560,1,2,3,5,1,3,3
1561,1,2,3,5,2,1,1
1562,1,2,3,5,2,2,3
1563,1,2,3,5,2,3,4
1564,1,2,3,5,3,1,1
1565,1,2,3,5,3,2,3
1566,1,2,3,5,3,3,4
1567,1,2,4,2,1,1,1
1568,1,2,4,2,1,2,1
1569,1,2,4,2,1,3,1
1570,1,2,4,2,2,1,1
1571,1,2,4,2,2,2,1
1572,1,2,4,2,2,3,1
1573,1,2,4,2,3,1,1
1574,1,2,4,2,3,2,1
1575,1,2,4,2,3,3,1
1576,1,2,4,4,1,1,1
1577,1,2,4,4,1,2,2
1578,1,2,4,4,1,3,3
1579,1,2,4,4,2,1,1
1580,1,2,4,4,2,2,3
1581,1,2,4,4,2,3,4
1582,1,2,4,4,3,1,1
1583,1,2,4,4,3,2,3
1584,1,2,4,4,3,3,4
1585,1,2,4,5,1,1,1
1586,1,2,4,5,1,2,2
1587,1,2,4,5,1,3,3
1588,1,2,4,5,2,1,1
1589,1,2,4,5,2,2,3
1590,1,2,4,5,2,3,4
1591,1,2,4,5,3,1,1
1592,1,2,4,5,3,2,3
1593,1,2,4,5,3,3,4
1594,1,2,5,2,1,1,1
1595,1,2,5,2,1,2,1
1596,1,2,5,2,1,3,1
1597,1,2,5,2,2,1,1
1598,1,2,5,2,2,2,1
1599,1,2,5,2,2,3,1
1600,1,2,5,2,3,1,1
1601,1,2,5,2,3,2,1
1602,1,2,5,2,3,3,1
1603,1,2,5,4,1,1,1
1604,1,2,5,4,1,2,2
1605,1,2,5,4,1,3,3
1606,1,2,5,4,2,1,1
1607,1,2,5,4,2,2,3
1608,1,2,5,4,2,3,4
1609,1,2,5,4,3,1,1
1610,1,2,5,4,3,2,3
1611,1,2,5,4,3,3,4
1612,1,2,5,5,1,1,1
1613,1,2,5,5,1,2,2
1614,1,2,5,5,1,3,3
1615,1,2,5,5,2,1,1
1616,1,2,5,5,2,2,3
1617,1,2,5,5,2,3,4
1618,1,2,5,5,3,1,1
1619,1,2,5,5,3,2,3
1620,1,2,5,5,3,3,4
1621,1,1,2,2,1,1,1
1622,1,1,2,2,1,2,1
1623,1,1,2,2,1,3,1
1624,1,1,2,2,2,1,1
1625,1,1,2,2,2,2,1
1626,1,1,2,2,2,3,1
1627,1,1,2,2,3,1,1
1628,1,1,2,2,3,2,1
1629,1,1,2,2,3,3,1
1630,1,1,2,4,1,1,1
1631,1,1,2,4,1,2,2
1632,1,1,2,4,1,3,3
1633,1,1,2,4,2,1,1
1634,1,1,2,4,2,2,2
1635,1,1,2,4,2,3,3
1636,1,1,2,4,3,1,1
1637,1,1,2,4,3,2,3
1638,1,1,2,4,3,3,4
1639,1,1,2,5,1,1,1
1640,1,1,2,5,1,2,1
1641,1,1,2,5,1,3,1
1642,1,1,2,5,2,1,1
1643,1,1,2,5,2,2,2
1644,1,1,2,5,2,3,3
1645,1,1,2,5,3,1,1
1646,1,1,2,5,3,2,3
1647,1,1,2,5,3,3,4
1648,1,1,3,2,1,1,1
1649,1,1,3,2,1,2,1
1650,1,1,3,2,1,3,1
1651,1,1,3,2,2,1,1
1652,1,1,3,2,2,2,1
1653,1,1,3,2,2,3,1
1654,1,1,3,2,3,1,1
1655,1,1,3,2,3,2,1
1656,1,1,3,2,3,3,1
1657,1,1,3,4,1,1,1
1658,1,1,3,4,1,2,2
1659,1,1,3,4,1,3,3
1660,1,1,3,4,2,1,1
1661,1,1,3,4,2,2,2
1662,1,1,3,4,2,3,3
1663,1,1,3,4,3,1,1
1664,1,1,3,4,3,2,3
1665,1,1,3,4,3,3,4
1666,1,1,3,5,1,1,1
1667,1,1,3,5,1,2,2
1668,1,1,3,5,1,3,3
1669,1,1,3,5,2,1,1
1670,1,1,3,5,2,2,3
1671,1,1,3,5,2,3,4
1672,1,1,3,5,3,1,1
1673,1,1,3,5,3,2,3
1674,1,1,3,5,3,3,4
1675,1,1,4,2,1,1,1
1676,1,1,4,2,1,2,1
1677,1,1,4,2,1,3,1
1678,1,1,4,2,2,1,1
1679,1,1,4,2,2,2,1
1680,1,1,4,2,2,3,1
1681,1,1,4,2,3,1,1
1682,1,1,4,2,3,2,1
1683,1,1,4,2,3,3,1
1684,1,1,4,4,1,1,1
1685,1,1,4,4,1,2,2
1686,1,1,4,4,1,3,3
1687,1,1,4,4,2,1,1
1688,1,1,4,4,2,2,3
1689,1,1,4,4,2,3,4
1690,1,1,4,4,3,1,1
1691,1,1,4,4,3,2,3
1692,1,1,4,4,3,3,4
1693,1,1,4,5,1,1,1
1694,1,1,4,5,1,2,2
1695,1,1,4,5,1,3,3
1696,1,1,4,5,2,1,1
1697,1,1,4,5,2,2,3
1698,1,1,4,5,2,3,4
1699,1,1,4,5,3,1,1
1700,1,1,4,5,3,2,3
1701,1,1,4,5,3,3,4
1702,1,1,5,2,1,1,1
1703,1,1,5,2,1,2,1
1704,1,1,5,2,1,3,1
1705,1,1,5,2,2,1,1
1706,1,1,5,2,2,2,1
1707,1,1,5,2,2,3,1
1708,1,1,5,2,3,1,1
1709,1,1,5,2,3,2,1
1710,1,1,5,2,3,3,1
1711,1,1,5,4,1,1,1
1712,1,1,5,4,1,2,2
1713,1,1,5,4,1,3,3
1714,1,1,5,4,2,1,1
1715,1,1,5,4,2,2,3
1716,1,1,5,4,2,3,4
1717,1,1,5,4,3,1,1
1718,1,1,5,4,3,2,3
1719,1,1,5,4,3,3,4
1720,1,1,5,5,1,1,1
1721,1,1,5,5,1,2,2
1722,1,1,5,5,1,3,3
1723,1,1,5,5,2,1,1
1724,1,1,5,5,2,2,3
1725,1,1,5,5,2,3,4
1726,1,1,5,5,3,1,1
1727,1,1,5,5,3,2,3
1728,1,1,5,5,3,3,4
